entry_date,exit_date,ticker,entry_price,exit_price,shares,pnl_pct,reason
2021-01-04,2021-02-03,NET,74.58999633789062,82.33999633789062,134.0662352991717,10.390133235685807,REBAL
2021-01-04,2021-02-03,MU,72.22003173828125,77.15496063232422,138.46573809658628,6.833185717678298,REBAL
2021-01-04,2021-02-03,UBER,51.13999938964844,57.119998931884766,195.54165270530217,11.69338993665842,REBAL
2021-01-04,2021-02-08,LEU,21.34000015258789,27.6299991607666,468.6035580363998,29.475159152779696,TAKE
2021-01-04,2021-02-11,COHR,76.01000213623047,99.58000183105469,131.56163292927286,31.009076479935377,TAKE
2021-02-03,2021-02-16,PLTR,31.760000228881836,27.84000015258789,333.2155049533366,-12.342569420793595,STOP
2021-02-03,2021-02-22,TSLA,284.89666748046875,238.1666717529297,37.146536697592175,-16.402436764460457,STOP
2021-02-03,2021-03-26,AMAT,95.40229034423828,123.11846923828125,110.9294596114913,29.05190094916506,TAKE
2021-03-05,2021-04-06,LEU,23.5,23.889999389648438,456.8505539838852,1.659571870844415,REBAL
2021-03-05,2021-04-06,PLTR,23.950000762939453,23.270000457763672,448.2667088359476,-2.8392496180126336,REBAL
2021-03-05,2021-04-06,TSLA,199.31666564941406,230.5399932861328,53.86397561709795,15.665186618984833,REBAL
2021-03-05,2021-04-06,CRWD,183.1199951171875,194.3800048828125,58.62815806515731,6.148978847678084,REBAL
2021-04-06,2021-04-26,INTC,59.62765884399414,53.44295883178711,186.47032464187143,-10.372199969125521,STOP
2021-04-06,2021-05-05,WDC,54.80500793457031,51.61394119262695,202.87906746676614,-5.822582392019825,REBAL
2021-04-06,2021-05-05,MU,91.17958068847656,83.04568481445312,121.94384771589058,-8.920742794171913,REBAL
2021-04-06,2021-05-10,AMAT,133.55064392089844,119.3380126953125,83.2552249531643,-10.642128565103757,STOP
2021-04-06,2021-06-04,HPE,13.756609916687012,14.01584529876709,808.2506496594816,1.8844423419001,REBAL
2021-05-05,2021-06-17,PWR,96.56368255615234,86.41943359375,111.51835024016015,-10.5052424409181,STOP
2021-05-05,2021-07-06,STX,75.66670227050781,73.82044982910156,142.31653089993145,-2.439980051999509,REBAL
2021-05-05,2021-07-06,DELL,45.380332946777344,45.36650085449219,237.29712570434913,-0.03048036756666971,REBAL
2021-06-04,2021-07-06,NVT,30.23331642150879,28.34489631652832,360.227361017936,-6.246155991133663,REBAL
2021-06-04,2021-07-06,ORCL,77.47087097167969,77.6484375,140.5801645539988,0.2292042494077856,REBAL
2021-07-06,2021-07-16,NVDA,20.65118980407715,18.119491577148438,510.23208071101567,-12.259333486097153,STOP
2021-07-06,2021-08-04,ANET,23.433124542236328,23.88249969482422,449.65832549989136,1.9176919910015755,REBAL
2021-07-06,2021-08-04,META,350.0330810546875,356.1253356933594,30.102582050655265,1.740479677039454,REBAL
2021-08-04,2021-08-16,CRWD,264.2099914550781,234.7100067138672,39.94448731952436,-11.165355473025942,STOP
2021-07-06,2021-09-02,VRT,27.48434066772461,28.459877014160156,383.3782905793363,3.549426046742093,REBAL
2021-08-04,2021-09-02,INTU,519.13037109375,542.11083984375,20.32963825856204,4.426724004142294,REBAL
2021-07-06,2021-09-22,NET,108.93000030517578,136.97000122070312,96.73092365163372,25.741302521776483,TAKE
2021-09-02,2021-10-04,ZS,282.20001220703125,251.86000061035156,37.96451243759565,-10.751243899458535,STOP
2021-08-04,2021-10-04,NVDA,20.2276668548584,19.690372467041016,521.7474031531299,-2.6562351044867656,REBAL
2021-09-02,2021-10-04,AMD,109.19999694824219,100.33999633789062,98.10976348654505,-8.11355389922855,REBAL
2021-10-04,2021-10-12,NET,115.7300033569336,150.94000244140625,90.32853029560482,30.424261698047523,TAKE
2021-10-04,2021-10-26,ZS,251.86000061035156,315.32000732421875,41.50607912730852,25.196540363725767,TAKE
2021-10-04,2021-11-02,NOW,123.59400177001953,137.3179931640625,84.58113633855172,11.104091782366762,REBAL
2021-09-02,2021-11-05,DDOG,137.08999633789062,185.50999450683594,78.15001939979138,35.319862471658986,TAKE
2021-10-04,2021-11-08,MDB,444.9700012207031,571.2999877929688,23.4930918616067,28.390674927680465,TAKE
2021-11-02,2021-11-12,LEU,65.70999908447266,85.58999633789062,175.63173360229663,30.25414325125996,TAKE
2021-11-02,2021-12-01,NET,192.3699951171875,164.2100067138672,59.99252142820342,-14.638451483125461,STOP
2021-11-02,2021-12-02,PWR,119.80960845947266,112.770751953125,96.32583899241344,-5.875035063426195,REBAL
2021-12-02,2021-12-06,NET,166.3699951171875,147.69000244140625,71.76036448355028,-11.227981741914135,STOP
2021-12-02,2021-12-13,LEU,53.779998779296875,47.040000915527344,221.9927809543164,-12.53253628998623,STOP
2021-12-02,2021-12-13,TSLA,361.5333251953125,322.13665771484375,33.02260305405076,-10.897105393862471,STOP
2021-12-02,2022-01-03,APP,90.31999969482422,94.37999725341797,132.18303287284007,4.495125744366459,REBAL
2021-12-02,2022-01-03,DDOG,169.44000244140625,163.8300018310547,70.46017066049312,-3.3109068280918765,REBAL
2022-01-03,2022-01-06,TSLA,399.9266662597656,354.8999938964844,28.853140175083993,-11.258732203177203,STOP
2022-01-03,2022-01-07,AMD,150.24000549316406,132.0,76.8047107258132,-12.140578292240534,STOP
2022-01-03,2022-01-13,LEU,52.709999084472656,46.0099983215332,218.91747982872303,-12.711062188033964,STOP
2022-01-03,2022-01-13,MRVL,87.8890380859375,77.3499526977539,131.2921430550205,-11.991353663330033,STOP
2022-01-03,2022-01-18,ANET,35.560001373291016,31.772499084472656,324.4977422867609,-10.6510183986189,STOP
2022-02-02,2022-02-11,QCOM,171.0008544921875,149.59393310546875,63.51537854661562,-12.518604921764743,STOP
2022-02-02,2022-03-04,CIEN,66.44000244140625,65.94000244140625,163.47356420470567,-0.7525586719250233,REBAL
2022-02-02,2022-03-04,ANET,31.40250015258789,29.637500762939453,345.8700406684323,-5.620569639589615,REBAL
2022-02-02,2022-03-04,STX,96.58373260498047,90.27547454833984,112.45355415375563,-6.531387725965078,REBAL
2022-02-02,2022-03-04,MU,82.62471771240234,80.08272552490234,131.45199530570636,-3.0765517364284265,REBAL
2022-04-04,2022-04-26,CLS,11.800000190734863,10.569999694824219,894.2070885663898,-10.423732847702983,STOP
2022-04-04,2022-04-26,PWR,130.57171630859375,116.35819244384766,80.8110984058911,-10.885606980269595,STOP
2022-04-04,2022-05-04,HPE,14.545857429504395,14.340860366821289,725.4054198439494,-1.409315770325752,REBAL
2022-04-04,2022-05-04,VST,21.79696273803711,24.216777801513672,484.0878035372591,11.101615819408769,REBAL
2022-04-04,2022-05-04,BWXT,51.623722076416016,50.1422004699707,204.39525456961036,-2.869846548941764,REBAL
2022-12-02,2022-12-15,VRT,14.709708213806152,13.204851150512695,706.9333531273514,-10.230366513191859,STOP
2022-12-02,2023-01-03,CEG,89.54296875,79.68780517578125,116.13176887337598,-11.006071958295163,STOP
2022-12-02,2023-01-04,PCG,15.43622875213623,15.653084754943848,673.6608739146751,1.4048509275790977,REBAL
2022-12-02,2023-01-04,SMCI,8.670000076293945,8.225000381469727,1199.3982998389965,-5.132637726739642,REBAL
2022-12-02,2023-01-04,FN,132.61000061035156,128.47000122070312,78.41628311024377,-3.121936030912942,REBAL
2023-02-03,2023-03-07,ASML,658.953857421875,591.8699951171875,15.337525276980244,-10.180358085640451,STOP
2023-02-03,2023-03-07,CLS,13.680000305175781,13.0,738.7954107535948,-4.9707623538466255,REBAL
2023-02-03,2023-03-07,KLAC,395.4134521484375,364.75299072265625,25.55988267383882,-7.754025883335746,REBAL
2023-02-03,2023-03-07,ORCL,86.14789581298828,84.93670654296875,117.31826238114432,-1.4059417918329744,REBAL
2023-03-07,2023-03-09,AI,26.139999389648438,22.700000762939453,381.2551351726024,-13.159903240362125,STOP
2023-03-07,2023-03-20,IOT,20.90999984741211,18.31999969482422,476.6144941864065,-12.386418801951535,STOP
2023-02-03,2023-03-22,NVDA,21.077756881713867,26.444589614868164,479.4970120060446,25.462067729846172,TAKE
2023-03-07,2023-04-05,META,183.07334899902344,209.8333282470703,54.43724635618766,14.617080746247572,REBAL
2023-03-07,2023-04-05,TSM,84.55855560302734,86.29022216796875,117.85926249141559,2.047890426453086,REBAL
