experiment_id,opened_at,cycle_id,variable,current_value,proposed_value,hypothesis,expected_effect,baseline_metric,baseline_value,status,result_value,decision,decided_at,notes
exp_20260530143038,2026-05-30T14:30:38.488552+00:00,cyc_20260530,data_mode,replay-only (live n=0),paper (accumulate real fills),"The +0.31R edge is from replay over recent, survivorship-biased history; only true paper fills can confirm it survives real execution and slippage.",Reach >= 50 live trades so the goal can actually be scored.,live_trades,0,proposed,,,,
exp_mem_20260530221245,2026-05-30T22:12:45.396408+00:00,cyc_memory_upgrade,recall_key (retrieve -> experience-grounded recall),"retrieve(): ledger ignored, lessons unscoped","recall(): setup-scoped + 1919-trade track record, replay/live labeled","Recall ignored the 1,919-trade ledger and didn't scope lessons to the setup, so decision-relevant experience was unreachable.",experience coverage and recall precision rise sharply; every recalled fact carries sample size + replay/live label.,coverage% / precision@5 / honesty%,0% / 0.129 / 0%,resolved-kept,100% / 0.684 / 100%,kept,2026-05-30T22:12:45.396416+00:00,Measured by lab.memory_metrics on real store. Additive: retrieve() unchanged for backward-compat; recall() is the upgraded path. NEXT: real regime labels (replace 'replay' placeholder) + lesson decay/forgetting.
exp_val_20260530222057,2026-05-30T22:20:57.428205+00:00,cyc_validation_capstone,go_live_authority + monte_carlo (spec §5.2/§14),"scattered reports, no single go-live verdict, no MC drawdown distribution",Monte Carlo trade-resampling + 7-gate go-live authority (defaults BLOCKED),The spec's capstone (one honest go-live verdict) and the heart of 'the million runs' (MC drawdown distribution) were the real gaps.,A single auditable verdict that refuses live until all 7 gates pass; a drawdown distribution with worst-case bands.,go_live_verdict,n/a (did not exist),resolved-kept,verdict=BLOCKED; MC p99 DD ~11% (replay),kept,2026-05-30T22:20:57.428217+00:00,Primary blocker surfaced: 0 live fills (gate 5). Also added persisted overfitting proof report. Full suite 180 green. NEXT: paper-trade to clear gate 5.
exp_audit_20260530223130,2026-05-30T22:31:30.245911+00:00,cyc_adversarial_audit,"3 red-team fixes: go-live enforcement, block-bootstrap MC, sign-off integrity",go-live advisory; MC IID (understated DD); sign-off = bare boolean,go-live enforced in live path (fail-closed); streak-preserving MC; sign-off requires identity + real paper record,"The capstone safety verdict wasn't wired to execution, MC understated drawdown by breaking loss streaks, and approval could be faked.",Live blocked unless cleared; honest ~2x drawdown; un-fakeable approval.,live_enforced / MC_p99_DD / signoff_bypassable,no / ~11% / yes,resolved-kept,yes / ~19.1% / no (attacker approve still fails),kept,2026-05-30T22:31:30.245924+00:00,See ADVERSARIAL-AUDIT.md. 183 tests green (+3 enforcement). Remaining top risk F1 (survivorship) is intrinsic — contained by honesty + paper-first.
exp_pick_20260530223742,2026-05-30T22:37:42.692827+00:00,cyc_recommendation_engine,"recommendation engine (six-pillar picker, spec doc 4)",flat setup rows in swing-setups.json; no conviction/plan/red-team/schema,scripts/recommend.py: 6-pillar conviction + trade plan + self red-team + structured schema,"The missing piece was a single engine emitting ranked, defined-risk recommendations with honest, capped conviction.",Clean ranked picks + watch list + market read + no-trade message; conviction capped at moderate while live_n=0.,picker_exists,no,resolved-kept,"yes; emits structured picks, Broken excluded, conviction<=60 capped",kept,2026-05-30T22:37:42.692835+00:00,See PICKER.md. 187 tests green (+4). Honesty: 3 of 6 pillars lack live data (volume/fundamental/sentiment) — disclosed per pick. NEXT: connect sentiment feed.
exp_v2_20260530224816,2026-05-30T22:48:16.574782+00:00,cyc_hardening_v2,"v2 hardening: F9 regimes, regime-recall+decay, F5 gate, signoff-hash, F8 fidelity, picker-in-loop, F1 banding, F7 verify",audit recommendations open; regime placeholder; soft overfit warning; circular metric,all of the above implemented + tested,Implementing the deferred audit fixes makes the system more rigorous and honest.,real regime analysis; hard overfit gate; un-fakeable signoff; verified keeps.,tests_green,187,resolved-kept,193 green; verdict still BLOCKED (sharper reasons),kept,2026-05-30T22:48:16.574790+00:00,"See HARDENING-V2.md. Open: F11 freshness, delisted-data sourcing, and the unmovable zero-live-trades gate (only paper-trading closes it)."
exp_gaunt_20260530225645,2026-05-30T22:56:45.469855+00:00,cyc_validation_gauntlet,"institutional gauntlet: PBO, Deflated Sharpe, skill-vs-beta, break-even, capacity, Kelly, risk-of-ruin, scorecard+verdict",no PBO/DSR/skill-vs-beta/break-even/Kelly/ruin; no robustness scorecard,lab/gauntlet.py + extended monte_carlo; APPROVED/CONDITIONAL/REJECTED verdict,The Pro spec's distinctive institutional checks were missing.,"honest robustness scorecard + verdict, wired into the paper loop.",tests_green,193,resolved-kept,199 green; gauntlet verdict REJECTED (~60/100); go-live BLOCKED,kept,2026-05-30T22:56:45.469867+00:00,"See GAUNTLET.md. PBO high but provisional (8-month, TREND_LEADER-dominated). Verdict REJECTED until a forward paper record exists on a fair universe."
exp_valall_20260530230855,2026-05-30T23:08:55.868372+00:00,cyc_validate_all,one-command validator + skill + FINAL-REPORT,validation scattered across modules; no single self-check or presentation,scripts/validate_all.py + skills/tradingbrain-validate/SKILL.md + FINAL-REPORT.md,A single command that runs all checks and presents the honest verdict makes the system inspectable.,one command validates safety invariants + presents verdict.,tests_green,203,resolved-kept,205 green; all 8 safety checks pass; verdict honestly REJECTED/BLOCKED,kept,2026-05-30T23:08:55.868381+00:00,validate_all separates 'infrastructure healthy' from 'strategy approved' (still BLOCKED).
exp_final_20260530231223,2026-05-30T23:12:23.809573+00:00,cyc_final_sweep,final sweep: remove last hardcoded path + add top-level README,orchestrator hardcoded /home/workspace/Skills path; no top-level README,"portable harden step (env-gated, skips cleanly); README.md orienting the product",A final product needs zero machine-specific paths and a single entry-point doc.,repo runs anywhere; newcomers have one orientation point.,tests_green,205,resolved-kept,205 green; 0 hardcoded paths; all docs/commands verified present,kept,2026-05-30T23:12:23.809583+00:00,validate_all HEALTHY; verdict honestly REJECTED/BLOCKED. Final state.
